<?xml version="1.0" encoding="UTF-8"?>
<beans xmlns="http://www.springframework.org/schema/beans"
	xmlns:xsi="http://www.w3.org/2001/XMLSchema-instance"
	xmlns:tx="http://www.springframework.org/schema/tx"
	xsi:schemaLocation="http://www.springframework.org/schema/beans https://www.springframework.org/schema/beans/spring-beans.xsd
		http://www.springframework.org/schema/tx http://www.springframework.org/schema/tx/spring-tx-4.3.xsd">
	
	<!-- Root Context: defines shared resources visible to all other web components -->
	<bean id="dataSource"
		class="org.apache.commons.dbcp.BasicDataSource" destroy-method="close">
		<property name="driverClassName"		value="com.mysql.cj.jdbc.Driver" />
		<property name="url" 					value="jdbc:mysql://127.0.0.1:3306/ssafyweb?serverTimezone=UTC&amp;useUniCode=yes&amp;characterEncoding=UTF-8" />
		<property name="username" 				value="ssafy" />
		<property name="password" 				value="ssafy" />
		<property name="maxActive" 				value="10" />
	</bean>
	
	<bean id="sqlSessionFactory"
		class="org.mybatis.spring.SqlSessionFactoryBean">
		<property name="dataSource" ref="dataSource" />
		<property name="configLocation"	value="classpath:mybatis-config.xml" />
		<property name="mapperLocations">
			<list>
				<value>classpath:com/ssafy/product/model/dao/*.xml</value>
			</list>
		</property>
	</bean>	
	
	<bean class="org.mybatis.spring.SqlSessionTemplate">
		<constructor-arg ref="sqlSessionFactory" />
	</bean>
	
	<bean id="config"		class="org.mybatis.spring.mapper.MapperScannerConfigurer">
		<property name="basePackage" value="com.ssafy.product.model.dao"/>		
	</bean>
	
	<bean id="transactionManager" class="org.springframework.jdbc.datasource.DataSourceTransactionManager">
		<property name="dataSource" ref="dataSource" />
	</bean>
	
	<tx:annotation-driven transaction-manager="transactionManager"/>
	
</beans>
