<?xml version="1.0" encoding="UTF-8" ?>
<!DOCTYPE mapper PUBLIC "-//mybatis.org//DTD Mapper 3.0//EN" 
	"http://mybatis.org/dtd/mybatis-3-mapper.dtd">

<mapper namespace="com.ssafy.book.dao.BookDao">

	<insert id="insert" parameterType="book">
		insert into book(isbn, title, catalogue, nation, publish_date, publisher, author, price, currency, description)
		values(#{isbn}, #{title}, #{catalogue}, #{nation}, now(), #{publisher}, #{author}, #{price}, #{currency}, #{description})
	</insert>
	
	<update id="update" parameterType="book">
		update book set title = #{title}, author = #{author}, publisher = #{publisher}, price = #{price}, description = #{description}
		where isbn = #{isbn}
	</update>
	
	<delete id="delete" parameterType="string">
		delete from book 
		where isbn = #{isbn}
	</delete>
	
	
	<select id="search" parameterType="string" resultType="book">
		select * from book
		<where>
			isbn = #{isbn}
		</where>
	</select>
	
	<select id="searchAll" parameterType="pagebean" resultType="book">
		select * from book
		<where>
			<if test="key != null and word != null and word != ''">
				${key} like concat('%', #{word}, '%')
			</if>
		</where>
		order by isbn desc limit #{startNo}, #{interval}
	</select>
	
	<select id="getTotalCount" parameterType="pagebean" resultType="int">
		select count(*) as cnt from book
		<where>
			<if test="key != null and word != null and word != ''">
				${key} like concat('%', #{word}, '%')
			</if>
		</where>
	</select>
	
	
</mapper>